<?xml version="1.0" encoding="UTF-8"?>
	<root>
	<mode name="ServerRoomMode" modeid="391" realversion="334.1" prev_version="332.1"/>
	<mode name="ScanningPlayerRes" modeid="0" realversion="500.1" prev_version="498.1"/>
	<mode name="CloneModMode" modeid="360" realversion="440.1" prev_version="438.1"/>
	<mode name="CloneIModOneRoadMode" modeid="390" realversion="420.1" prev_version="418.1"/>
	<mode name="CloneMode" modeid="220" realversion="424.1" prev_version="422.1"/>
	<mode name="CommonRankRes" modeid="0" realversion="394.1" prev_version="392.1"/>
	<mode name="EasyRoomMode" modeid="999" realversion="288.1" prev_version="286.1"/>
	<mode name="ServerModMode" modeid="400" realversion="404.1" prev_version="402.1"/>
	<mode name="DeathResMode" modeid="230" realversion="424.1" prev_version="422.1"/>
	<mode name="DefenceMode" modeid="320" realversion="428.1" prev_version="426.1"/>
	<mode name="DisSurvivalModMode" modeid="130" realversion="328.1" prev_version="326.1"/>
	<mode name="EvolutionMode" modeid="270" realversion="422.1" prev_version="420.1"/>
	<mode name="ResponsiveMode" modeid="260" realversion="440.1" prev_version="438.1"/>
	<mode name="MagicModDmg" modeid="340" realversion="510.1" prev_version="508.1"/>
	<mode name="Mapmode1_Win1_Mode" modeid="1000" realversion="288.1" prev_version="286.1"/>
	<mode name="Mapmode2_Win1_Mode" modeid="1001" realversion="288.1" prev_version="286.1"/>
	<mode name="Mapmode3_Win1_Mode" modeid="1002" realversion="288.1" prev_version="286.1"/>
	<mode name="Mapmode4_Win1_Mode" modeid="1003" realversion="288.1" prev_version="286.1"/>
	<mode name="Mapmode5_Win1_Mode" modeid="1004" realversion="288.1" prev_version="286.1"/>
	<mode name="Mapmode6_Win1_Mode" modeid="1005" realversion="288.1" prev_version="286.1"/>
	<mode name="ModWinMode" modeid="560" realversion="334.1" prev_version="332.1"/>
	<mode name="MonsterEnemy" modeid="0" realversion="420.1" prev_version="418.1"/>
	<mode name="OverDriveHeroMode" modeid="440" realversion="294.1" prev_version="292.1"/>
	<mode name="RogueLagMode" modeid="430" realversion="258.1" prev_version="256.1"/>
	<mode name="ScanMode" modeid="280" realversion="432.1" prev_version="430.1"/>
	<mode name="SubPointMode" modeid="550" realversion="127.1" prev_version="125.1"/>
	<mode name="SurvivalModMode" modeid="200" realversion="360.1" prev_version="358.1"/>
	<mode name="DamagePassMode" modeid="500" realversion="330.1" prev_version="328.1"/>
	</root>
